"timesteps","Variabilidade - _step","Variabilidade - _step__MIN","Variabilidade - _step__MAX","Variabilidade - mean_reward_test","Variabilidade - mean_reward_test__MIN","Variabilidade - mean_reward_test__MAX","Sustentabilidade - _step","Sustentabilidade - _step__MIN","Sustentabilidade - _step__MAX","Sustentabilidade - mean_reward_test","Sustentabilidade - mean_reward_test__MIN","Sustentabilidade - mean_reward_test__MAX","Lucro - _step","Lucro - _step__MIN","Lucro - _step__MAX","Lucro - mean_reward_test","Lucro - mean_reward_test__MIN","Lucro - mean_reward_test__MAX"
"3328","6700.5","6690","6705","73.66292833333334","73.66292833333334","73.66292833333334","6700.5","6690","6705","50.2892669090909","50.289266909090905","50.289266909090905","6700.5","6690","6705","68.52978387878788","68.52978387878788","68.52978387878788"
"6656","13409.5","13399","13414","83.54083099999997","83.54083099999997","83.54083099999997","13409.5","13399","13414","61.21848897014924","61.218488970149245","61.218488970149245","13409.5","13399","13414","69.42529640298507","69.42529640298508","69.42529640298508"
"9984","20117.5","20107","20122","93.40020217999997","93.40020217999997","93.40020217999997","20117.5","20107","20122","65.07593236000001","65.07593236","65.07593236","20117.5","20107","20122","75.53812116","75.53812116","75.53812116"
"13312","26826.5","26816","26831","94.93149394999999","94.93149394999999","94.93149394999999","26826.5","26816","26831","64.86153010999999","64.86153010999999","64.86153010999999","26826.5","26816","26831","85.72965963000003","85.72965963000003","85.72965963000003"
"16640","33535.5","33525","33540","92.58442760000001","92.5844276","92.5844276","33535.5","33525","33540","64.92003186999999","64.92003186999999","64.92003186999999","33535.5","33525","33540","97.84147932000002","97.84147932000002","97.84147932000002"
"19968","40243.5","40233","40248","92.92066733","92.92066733","92.92066733","40243.5","40233","40248","63.893728280000005","63.893728280000005","63.893728280000005","40243.5","40233","40248","99.29790325","99.29790325","99.29790325"
"23296","46952.5","46942","46957","103.80784697","103.80784696999999","103.80784696999999","46952.5","46942","46957","72.21531496","72.21531496","72.21531496","46952.5","46942","46957","99.32881712999998","99.32881712999999","99.32881712999999"
"26624","53660.5","53650","53665","114.09905120000005","114.09905120000002","114.09905120000002","53660.5","53650","53665","78.88271600000002","78.88271600000002","78.88271600000002","53660.5","53650","53665","99.23191093000001","99.23191093000001","99.23191093000001"
"29952","60369.5","60359","60374","120.61597759000003","120.61597759","120.61597759","60369.5","60359","60374","77.50027985999999","77.50027985999999","77.50027985999999","60369.5","60359","60374","113.60639907999997","113.60639907999999","113.60639907999999"
"33280","67078.5","67068","67083","129.0749461","129.0749461","129.0749461","67078.5","67068","67083","77.47248610999999","77.47248611","77.47248611","67078.5","67068","67083","125.61376990999999","125.61376990999999","125.61376990999999"
"36608","73786.5","73776","73791","146.71792372000002","146.71792372","146.71792372","73786.5","73776","73791","74.89421749","74.89421749","74.89421749","73786.5","73776","73791","146.22888439000005","146.22888439000002","146.22888439000002"
"39936","80495.5","80485","80500","163.3926018","163.39260180000002","163.39260180000002","80495.5","80485","80500","82.61429638999999","82.61429638999999","82.61429638999999","80495.5","80485","80500","150.66377797000004","150.66377797000004","150.66377797000004"
"43264","87204.5","87194","87209","170.69732868999998","170.69732869","170.69732869","87204.5","87194","87209","92.17135320999999","92.17135320999999","92.17135320999999","87204.5","87194","87209","160.08973858","160.08973858","160.08973858"
"46592","93912.5","93902","93917","186.81023216","186.81023216000003","186.81023216000003","93912.5","93902","93917","97.54804041000001","97.54804041000001","97.54804041000001","93912.5","93902","93917","156.02016935000003","156.02016935","156.02016935"
"49920","100621.5","100611","100626","193.76872602999995","193.76872602999995","193.76872602999995","100621.5","100611","100626","101.29155493999997","101.29155493999997","101.29155493999997","100621.5","100611","100626","172.72230434","172.72230434000002","172.72230434000002"
"53248","107329.5","107319","107334","214.64013646000006","214.64013646","214.64013646","107329.5","107319","107334","107.06355254000002","107.06355254","107.06355254","107329.5","107319","107334","182.62537762999997","182.62537762999997","182.62537762999997"
"56576","114038.5","114028","114043","230.02876887999997","230.02876888000003","230.02876888000003","114038.5","114028","114043","118.07623686000001","118.07623686000001","118.07623686000001","114038.5","114028","114043","205.92201093","205.92201093000003","205.92201093000003"
"59904","120747.5","120737","120752","260.31078487999997","260.31078487999997","260.31078487999997","120747.5","120737","120752","142.05596841","142.05596841","142.05596841","120747.5","120737","120752","213.19018886000006","213.19018886000006","213.19018886000006"
"63232","127455.5","127445","127460","284.54801496","284.54801496","284.54801496","127455.5","127445","127460","142.28220964","142.28220964","142.28220964","127455.5","127445","127460","216.31924832999997","216.31924832999997","216.31924832999997"
"66560","134164.5","134154","134169","301.42424277000003","301.42424277","301.42424277","134164.5","134154","134169","148.59891479","148.59891479","148.59891479","134164.5","134154","134169","218.10605968000004","218.10605968000004","218.10605968000004"
"69888","140872.5","140862","140877","300.07754228","300.07754228","300.07754228","140872.5","140862","140877","146.21647491","146.21647491","146.21647491","140872.5","140862","140877","226.61705593000005","226.61705593000002","226.61705593000002"
"73216","147581.5","147571","147586","308.64747852000005","308.64747852000005","308.64747852000005","147581.5","147571","147586","160.1149295","160.1149295","160.1149295","147581.5","147571","147586","243.1817766899999","243.18177668999994","243.18177668999994"
"76544","154290.5","154280","154295","319.35024366","319.35024366","319.35024366","154290.5","154280","154295","165.24205266","165.24205266","165.24205266","154290.5","154280","154295","266.66846263","266.66846263","266.66846263"
"79872","160998.5","160988","161003","328.44384898999994","328.44384899","328.44384899","160998.5","160988","161003","170.67267551000003","170.67267551","170.67267551","160998.5","160988","161003","285.64889851","285.64889851","285.64889851"
"83200","167707.5","167697","167712","346.7877299799999","346.78772997999994","346.78772997999994","167707.5","167697","167712","178.29932099000004","178.29932099","178.29932099","167707.5","167697","167712","315.41546199","315.41546199","315.41546199"
"86528","174416.5","174406","174421","338.32909249","338.32909249","338.32909249","174416.5","174406","174421","179.78322981","179.78322981000002","179.78322981000002","174416.5","174406","174421","322.542073","322.54207299999996","322.54207299999996"
"89856","181124.5","181114","181129","349.9049769999999","349.9049769999999","349.9049769999999","181124.5","181114","181129","188.88744586000004","188.88744586","188.88744586","181124.5","181114","181129","329.53073605000003","329.53073605","329.53073605"
"93184","187833.5","187823","187838","354.0508969000001","354.05089690000005","354.05089690000005","187833.5","187823","187838","187.28831501000002","187.28831501000002","187.28831501000002","187833.5","187823","187838","340.65982777000005","340.65982777000005","340.65982777000005"
"96512","194541.5","194531","194546","382.23418520999996","382.23418521","382.23418521","194541.5","194531","194546","199.29939610000002","199.29939610000005","199.29939610000005","194541.5","194531","194546","372.2112003","372.2112003","372.2112003"
"99840","201250.5","201240","201255","372.26904980999996","372.2690498099999","372.2690498099999","201250.5","201240","201255","192.84544153","192.84544153","192.84544153","201250.5","201240","201255","374.5786007800001","374.57860078000004","374.57860078000004"
"103168","207959.5","207949","207964","358.7785290799998","358.7785290799999","358.7785290799999","207959.5","207949","207964","209.67860102000006","209.67860102000003","209.67860102000003","207959.5","207949","207964","370.07434421000005","370.07434421","370.07434421"
"106496","214667.5","214657","214672","356.7442805300001","356.74428053","356.74428053","214667.5","214657","214672","223.20810691999992","223.20810691999998","223.20810691999998","214667.5","214657","214672","357.36134701","357.36134701000003","357.36134701000003"
"109824","221376.5","221366","221381","374.86943534000005","374.86943534","374.86943534","221376.5","221366","221381","240.94993058999995","240.94993058999998","240.94993058999998","221376.5","221366","221381","370.61391813999995","370.61391814","370.61391814"
"113152","228084.5","228074","228089","379.99746094999995","379.99746094999995","379.99746094999995","228084.5","228074","228089","230.06960936000002","230.06960936000004","230.06960936000004","228084.5","228074","228089","392.1488840199999","392.1488840199999","392.1488840199999"
"116480","234793.5","234783","234798","362.19289595999993","362.19289595999993","362.19289595999993","234793.5","234783","234798","228.48239805999998","228.48239806","228.48239806","234793.5","234783","234798","397.4820141300001","397.4820141300001","397.4820141300001"
"119808","241502.5","241492","241507","351.0792019599999","351.0792019599999","351.0792019599999","241502.5","241492","241507","214.54078477999997","214.54078477999997","214.54078477999997","241502.5","241492","241507","393.3062321900001","393.30623219000006","393.30623219000006"
"123136","248210.5","248200","248215","375.9975114899999","375.99751148999997","375.99751148999997","248210.5","248200","248215","227.80532814000003","227.80532814000003","227.80532814000003","248210.5","248200","248215","380.40454326","380.40454325999997","380.40454325999997"
"126464","254919.5","254909","254924","384.97504440000006","384.97504440000006","384.97504440000006","254919.5","254909","254924","224.7933232","224.7933232","224.7933232","254919.5","254909","254924","389.48227872","389.48227871999995","389.48227871999995"
"129792","261628.5","261618","261633","398.66870875999996","398.66870876","398.66870876","261628.5","261618","261633","227.06218929000005","227.06218929000002","227.06218929000002","261628.5","261618","261633","411.59289780000006","411.5928978","411.5928978"
"133120","268336.5","268326","268341","381.23513331000004","381.23513331000004","381.23513331000004","268336.5","268326","268341","220.2094948200001","220.20949482000003","220.20949482000003","268336.5","268326","268341","409.1501555200001","409.15015552000006","409.15015552000006"
"136448","275045.5","275035","275050","389.4635385699999","389.46353856999997","389.46353856999997","275045.5","275035","275050","239.12761477999996","239.12761477999996","239.12761477999996","275045.5","275035","275050","410.89614532999997","410.8961453300001","410.8961453300001"
"139776","281753.5","281743","281758","393.38317297000003","393.38317297000003","393.38317297000003","281753.5","281743","281758","259.95760494999996","259.95760494999996","259.95760494999996","281753.5","281743","281758","402.81101414","402.81101414","402.81101414"
"143104","288462.5","288452","288467","405.716417","405.7164169999999","405.7164169999999","288462.5","288452","288467","273.29764551","273.29764551","273.29764551","288462.5","288452","288467","410.74331387999985","410.74331387999996","410.74331387999996"
"146432","295171.5","295161","295176","411.22087272","411.22087272","411.22087272","295171.5","295161","295176","240.54407448000003","240.54407448","240.54407448","295171.5","295161","295176","402.79726373999995","402.79726374","402.79726374"
"149760","301879.5","301869","301884","421.49606714000004","421.4960671400001","421.4960671400001","301879.5","301869","301884","228.17910532","228.17910532","228.17910532","301879.5","301869","301884","398.17441410999993","398.17441411","398.17441411"
"153088","308588.5","308578","308593","414.7307142","414.7307142","414.7307142","308588.5","308578","308593","217.65042265000005","217.65042265","217.65042265","308588.5","308578","308593","399.08840712999995","399.08840712999995","399.08840712999995"
"156416","315296.5","315286","315301","396.9983397","396.9983396999999","396.9983396999999","315296.5","315286","315301","248.16544385","248.16544385","248.16544385","315296.5","315286","315301","407.80674905","407.80674905","407.80674905"
"159744","322005.5","321995","322010","402.54462338999997","402.54462338999997","402.54462338999997","322005.5","321995","322010","264.02934948","264.02934948","264.02934948","322005.5","321995","322010","400.98517004","400.98517004","400.98517004"
"163072","328714.5","328704","328719","392.53393922","392.53393922000004","392.53393922000004","328714.5","328704","328719","265.80784805999997","265.80784805999997","265.80784805999997","328714.5","328704","328719","427.51227710999996","427.5122771099999","427.5122771099999"
"166400","335422.5","335412","335427","422.44846751000017","422.4484675100001","422.4484675100001","335422.5","335412","335427","252.64135879000008","252.64135879000003","252.64135879000003","335422.5","335412","335427","414.98815987000023","414.9881598700001","414.9881598700001"
"169728","342131.5","342121","342136","435.45014600999997","435.45014600999997","435.45014600999997","342131.5","342121","342136","242.29178084999992","242.29178084999995","242.29178084999995","342131.5","342121","342136","416.1204113599998","416.12041135999993","416.12041135999993"
"173056","348840.5","348830","348845","463.31597504999996","463.31597504999996","463.31597504999996","348840.5","348830","348845","234.76925777000002","234.76925777000005","234.76925777000005","348840.5","348830","348845","404.46892781999986","404.46892781999986","404.46892781999986"
"176384","355548.5","355538","355553","445.2865785099999","445.28657850999997","445.28657850999997","355548.5","355538","355553","235.53511385999997","235.53511386","235.53511386","355548.5","355538","355553","418.5606092299999","418.5606092299999","418.5606092299999"
"179712","362257.5","362247","362262","412.7665893700001","412.7665893700001","412.7665893700001","362257.5","362247","362262","231.11741633","231.11741633000003","231.11741633000003","362257.5","362247","362262","433.89468122999995","433.8946812299999","433.8946812299999"
"183040","368965.5","368955","368970","401.83420797","401.83420796999997","401.83420796999997","368965.5","368955","368970","238.9875133","238.98751329999996","238.98751329999996","368965.5","368955","368970","425.12394863","425.1239486299999","425.1239486299999"
"186368","375674.5","375664","375679","389.56434244999997","389.56434244999997","389.56434244999997","375674.5","375664","375679","226.10885817000005","226.10885817000002","226.10885817000002","375674.5","375664","375679","433.61494179","433.61494178999993","433.61494178999993"
"189696","382383.5","382373","382388","407.97972069","407.97972069","407.97972069","382383.5","382373","382388","237.19421624999998","237.19421624999998","237.19421624999998","382383.5","382373","382388","444.1401346399999","444.14013464000004","444.14013464000004"
"193024","389091.5","389081","389096","408.33367140000007","408.3336714","408.3336714","389091.5","389081","389096","229.61730267000004","229.61730267000002","229.61730267000002","389091.5","389081","389096","456.65580962000007","456.65580962","456.65580962"
"196352","395800.5","395790","395805","433.83500297999996","433.83500298","433.83500298","395800.5","395790","395805","239.87082510999997","239.87082511","239.87082511","395800.5","395790","395805","421.65201317999987","421.6520131799999","421.6520131799999"
"199680","402508.5","402498","402513","425.53269666","425.53269666","425.53269666","402508.5","402498","402513","225.90501692999993","225.90501693","225.90501693","402508.5","402498","402513","415.9414478600001","415.94144786000004","415.94144786000004"
"203008","409217.5","409207","409222","399.6208016099999","399.6208016099999","399.6208016099999","409217.5","409207","409222","240.12124794000005","240.12124794","240.12124794","409217.5","409207","409222","384.20502116","384.20502116000006","384.20502116000006"
"206336","415926.5","415916","415931","391.5475324099999","391.54753241","391.54753241","415926.5","415916","415931","247.82988412000006","247.82988412000003","247.82988412000003","415926.5","415916","415931","414.8655860099999","414.86558600999996","414.86558600999996"
"209664","422634.5","422624","422639","396.8364355700001","396.8364355700001","396.8364355700001","422634.5","422624","422639","257.85491422","257.85491422","257.85491422","422634.5","422624","422639","389.00787987000007","389.00787987","389.00787987"
"212992","429343.5","429333","429348","407.40450322999993","407.4045032299999","407.4045032299999","429343.5","429333","429348","252.1451398499999","252.14513984999996","252.14513984999996","429343.5","429333","429348","399.5266070000002","399.5266070000001","399.5266070000001"
"216320","436052.5","436042","436057","408.68978525000006","408.68978525000006","408.68978525000006","436052.5","436042","436057","237.84611047999994","237.84611048","237.84611048","436052.5","436042","436057","387.90565664999997","387.90565665","387.90565665"
"219648","442760.5","442750","442765","411.36115334","411.36115334000004","411.36115334000004","442760.5","442750","442765","239.52269367000005","239.52269367000005","239.52269367000005","442760.5","442750","442765","396.81146705999987","396.8114670599999","396.8114670599999"
"222976","449469.5","449459","449474","411.96125966","411.96125966","411.96125966","449469.5","449459","449474","250.33460495000003","250.33460495","250.33460495","449469.5","449459","449474","391.9004294400001","391.9004294400001","391.9004294400001"
"226304","456177.5","456167","456182","419.1856931000001","419.18569310000004","419.18569310000004","456177.5","456167","456182","254.97257117999996","254.97257118","254.97257118","456177.5","456167","456182","393.96577031000004","393.96577031","393.96577031"
"229632","462886.5","462876","462891","419.01735593","419.01735592999995","419.01735592999995","462886.5","462876","462891","242.18695079000003","242.18695079","242.18695079","462886.5","462876","462891","387.81627372","387.81627372","387.81627372"
"232960","469595.5","469585","469600","437.80119963999994","437.8011996399999","437.8011996399999","469595.5","469585","469600","225.12587836999998","225.12587836999998","225.12587836999998","469595.5","469585","469600","392.7130043000001","392.7130043","392.7130043"
"236288","476303.5","476293","476308","419.0531527399999","419.0531527399999","419.0531527399999","476303.5","476293","476308","209.55344375","209.55344375","209.55344375","476303.5","476293","476308","406.39978154999994","406.39978154999994","406.39978154999994"
"239616","483012.5","483002","483017","422.11287849999997","422.1128784999999","422.1128784999999","483012.5","483002","483017","219.42846987000004","219.42846987000004","219.42846987000004","483012.5","483002","483017","415.38879378999997","415.38879378999997","415.38879378999997"
"242944","489720.5","489710","489725","396.52885267000005","396.52885267000005","396.52885267000005","489720.5","489710","489725","230.45477093000002","230.45477093000002","230.45477093000002","489720.5","489710","489725","413.50867667999995","413.5086766799999","413.5086766799999"
"246272","496429.5","496419","496434","426.4936939999999","426.49369399999995","426.49369399999995","496429.5","496419","496434","254.41478056999998","254.41478057","254.41478057","496429.5","496419","496434","391.64683009999993","391.64683009999993","391.64683009999993"
"249600","503138.5","503128","503143","408.90068255","408.90068255","408.90068255","503138.5","503128","503143","250.34974216999996","250.34974216999998","250.34974216999998","503138.5","503128","503143","408.92118404999997","408.92118404999997","408.92118404999997"
"252928","509846.5","509836","509851","414.1179300600001","414.11793006000005","414.11793006000005","509846.5","509836","509851","237.50812898999996","237.50812898999996","237.50812898999996","509846.5","509836","509851","410.64696749999996","410.6469675","410.6469675"
"256256","516555.5","516545","516560","376.15733097","376.15733097","376.15733097","516555.5","516545","516560","222.46386981999993","222.46386981999993","222.46386981999993","516555.5","516545","516560","410.85925364999997","410.85925364999997","410.85925364999997"
"259584","523264.5","523254","523269","388.70650341000004","388.70650341","388.70650341","523264.5","523254","523269","230.04823758","230.04823758000003","230.04823758000003","523264.5","523254","523269","404.18045995000006","404.18045995","404.18045995"
"262912","529972.5","529962","529977","400.34602257","400.34602257","400.34602257","529972.5","529962","529977","233.14292242000008","233.14292242000008","233.14292242000008","529972.5","529962","529977","386.0848523099999","386.08485231","386.08485231"
"266240","536681.5","536671","536686","404.57625685","404.57625685000005","404.57625685000005","536681.5","536671","536686","247.26430408999997","247.26430408999997","247.26430408999997","536681.5","536671","536686","373.41866595000005","373.41866595000005","373.41866595000005"
"269568","543389.5","543379","543394","369.51623620000004","369.5162362","369.5162362","543389.5","543379","543394","239.44865093999994","239.44865094","239.44865094","543389.5","543379","543394","387.78600487","387.78600487000006","387.78600487000006"
"272896","550098.5","550088","550103","373.88463406000005","373.88463406000005","373.88463406000005","550098.5","550088","550103","243.83291656999998","243.83291656999998","243.83291656999998","550098.5","550088","550103","414.27218829","414.27218829","414.27218829"
"276224","556807.5","556797","556812","396.88420168","396.88420168","396.88420168","556807.5","556797","556812","244.71535900000003","244.71535900000003","244.71535900000003","556807.5","556797","556812","443.99590961999996","443.99590961999996","443.99590961999996"
"279552","563515.5","563505","563520","441.39431125000004","441.39431125000004","441.39431125000004","563515.5","563505","563520","251.69601912000002","251.69601912","251.69601912","563515.5","563505","563520","432.7865859600001","432.78658596","432.78658596"
"282880","570224.5","570214","570229","425.6914220499999","425.69142204999997","425.69142204999997","570224.5","570214","570229","250.52576016000006","250.52576016000003","250.52576016000003","570224.5","570214","570229","428.06496862999995","428.06496863","428.06496863"
"286208","576932.5","576922","576937","418.83196427999985","418.83196427999997","418.83196427999997","576932.5","576922","576937","236.96926716000004","236.96926716000002","236.96926716000002","576932.5","576922","576937","406.94884804000003","406.94884804000003","406.94884804000003"
"289536","583641.5","583631","583646","437.9073348500001","437.9073348500001","437.9073348500001","583641.5","583631","583646","223.47814212999995","223.47814212999998","223.47814212999998","583641.5","583631","583646","401.60868743","401.60868743","401.60868743"
"292864","590350.5","590340","590355","452.57796645999997","452.57796645999997","452.57796645999997","590350.5","590340","590355","195.67727435000003","195.67727435","195.67727435","590350.5","590340","590355","414.21122555","414.21122554999994","414.21122554999994"
"296192","597058.5","597048","597063","470.05056684000004","470.05056684000004","470.05056684000004","597058.5","597048","597063","196.49252413000002","196.49252413000002","196.49252413000002","597058.5","597048","597063","433.82529424999996","433.82529425","433.82529425"
"299520","603767.5","603757","603772","421.77890704","421.77890704","421.77890704","603767.5","603757","603772","213.3780270900001","213.37802709000007","213.37802709000007","603767.5","603757","603772","426.83023605000005","426.83023605","426.83023605"
"302848","610476.5","610466","610481","377.58965407","377.58965406999994","377.58965406999994","610476.5","610466","610481","228.43894860000003","228.43894860000003","228.43894860000003","610476.5","610466","610481","430.04482612999993","430.04482613","430.04482613"
"306176","617184.5","617174","617189","367.42540953","367.42540953","367.42540953","617184.5","617174","617189","205.25104599","205.25104599","205.25104599","617184.5","617174","617189","396.55240736999997","396.55240737","396.55240737"
"309504","623893.5","623883","623898","377.59707298","377.59707297999995","377.59707297999995","623893.5","623883","623898","204.08558934000004","204.08558934","204.08558934","623893.5","623883","623898","383.05796762","383.05796762","383.05796762"
"312832","630601.5","630591","630606","424.52299346999996","424.5229934699999","424.5229934699999","630601.5","630591","630606","213.45098968000002","213.45098968000002","213.45098968000002","630601.5","630591","630606","385.16095858000006","385.16095858","385.16095858"
"316160","637310.5","637300","637315","392.03590115","392.03590115","392.03590115","637310.5","637300","637315","238.80469190000002","238.8046919","238.8046919","637310.5","637300","637315","412.16448704999993","412.16448704999993","412.16448704999993"
"319488","644019.5","644009","644024","375.5711307699999","375.57113076999997","375.57113076999997","644019.5","644009","644024","232.58657925000006","232.58657925000003","232.58657925000003","644019.5","644009","644024","409.13528915","409.13528915","409.13528915"
"322816","650727.5","650717","650732","351.6673028800001","351.6673028800001","351.6673028800001","650727.5","650717","650732","219.18489025000002","219.18489025","219.18489025","650727.5","650717","650732","422.3191427800001","422.31914278000005","422.31914278000005"
"326144","657436.5","657426","657441","367.16727182","367.16727182","367.16727182","657436.5","657426","657441","212.64549171000002","212.64549171000002","212.64549171000002","657436.5","657426","657441","428.73532917999995","428.73532917999995","428.73532917999995"
"329472","664145.5","664135","664150","365.25017760999987","365.25017760999987","365.25017760999987","664145.5","664135","664150","224.54092956999995","224.54092956999997","224.54092956999997","664145.5","664135","664150","455.28191608000003","455.28191608000003","455.28191608000003"
"332800","670853.5","670843","670858","383.47692667999996","383.47692668","383.47692668","670853.5","670843","670858","225.13680269000002","225.13680269000005","225.13680269000005","670853.5","670843","670858","443.81370488000005","443.8137048800001","443.8137048800001"
"336128","677562.5","677552","677567","391.7941928","391.7941928","391.7941928","677562.5","677552","677567","235.19512274999994","235.19512274999997","235.19512274999997","677562.5","677552","677567","419.83800807999984","419.83800807999984","419.83800807999984"
"339456","684270.5","684260","684275","395.58064050999997","395.58064050999997","395.58064050999997","684270.5","684260","684275","221.74923680999999","221.74923681","221.74923681","684270.5","684260","684275","399.37498795","399.37498794999993","399.37498794999993"
"342784","690979.5","690969","690984","400.29870479999994","400.2987047999999","400.2987047999999","690979.5","690969","690984","250.8055672","250.8055672","250.8055672","690979.5","690969","690984","388.4798762","388.4798762","388.4798762"
"346112","697688.5","697678","697693","390.24235691999996","390.24235691999996","390.24235691999996","697688.5","697678","697693","257.71821908","257.71821908","257.71821908","697688.5","697678","697693","394.70222605999993","394.70222605999993","394.70222605999993"
"349440","704396.5","704386","704401","388.30535564999997","388.30535564999997","388.30535564999997","704396.5","704386","704401","266.12678493","266.12678493","266.12678493","704396.5","704386","704401","394.5762776700001","394.5762776700001","394.5762776700001"
"352768","711105.5","711095","711110","372.96091854","372.9609185400001","372.9609185400001","711105.5","711095","711110","257.23842125000004","257.23842125","257.23842125","711105.5","711095","711110","415.98421349999995","415.98421349999995","415.98421349999995"
"356096","717813.5","717803","717818","387.75271879","387.75271879","387.75271879","717813.5","717803","717818","257.15814071999995","257.15814071999995","257.15814071999995","717813.5","717803","717818","409.89696586","409.8969658600001","409.8969658600001"
"359424","724522.5","724512","724527","372.2147865000001","372.21478650000006","372.21478650000006","724522.5","724512","724527","256.0164435","256.0164435","256.0164435","724522.5","724512","724527","413.31565848","413.3156584800001","413.3156584800001"
"362752","731231.5","731221","731236","395.56512215","395.56512215","395.56512215","731231.5","731221","731236","264.88073725","264.88073725","264.88073725","731231.5","731221","731236","405.19428102999996","405.19428102999996","405.19428102999996"
"366080","737939.5","737929","737944","415.7884437100001","415.7884437100001","415.7884437100001","737939.5","737929","737944","249.1576777","249.1576777","249.1576777","737939.5","737929","737944","422.86643388","422.86643388000005","422.86643388000005"
"369408","744648.5","744638","744653","421.91128919","421.91128919000005","421.91128919000005","744648.5","744638","744653","234.06366759000005","234.06366759000005","234.06366759000005","744648.5","744638","744653","426.71182585","426.71182585","426.71182585"
"372736","751357.5","751347","751362","390.02444217","390.02444217","390.02444217","751357.5","751347","751362","216.80357069999997","216.80357070000002","216.80357070000002","751357.5","751347","751362","431.4346865900001","431.43468659000007","431.43468659000007"
"376064","758065.5","758055","758070","374.84086694","374.84086693999996","374.84086693999996","758065.5","758055","758070","217.53774961999994","217.53774962","217.53774962","758065.5","758055","758070","416.92402295000005","416.92402295","416.92402295"
"379392","764774.5","764764","764779","397.7994799100001","397.79947991000006","397.79947991000006","764774.5","764764","764779","239.06133591","239.06133590999997","239.06133590999997","764774.5","764764","764779","440.70124119","440.70124119","440.70124119"
"382720","771482.5","771472","771487","445.72163588","445.72163587999995","445.72163587999995","771482.5","771472","771487","245.61835264999996","245.61835265000002","245.61835265000002","771482.5","771472","771487","437.5551968499999","437.5551968499999","437.5551968499999"
"386048","778191.5","778181","778196","433.2112041599999","433.21120415999997","433.21120415999997","778191.5","778181","778196","248.78530293","248.78530293000003","248.78530293000003","778191.5","778181","778196","436.6997032099999","436.69970320999994","436.69970320999994"
"389376","784900.5","784890","784905","437.0954161700001","437.09541617","437.09541617","784900.5","784890","784905","223.32752671","223.32752670999997","223.32752670999997","784900.5","784890","784905","411.3513387600001","411.3513387600001","411.3513387600001"
"392704","791608.5","791598","791613","388.76091649000006","388.7609164900001","388.7609164900001","791608.5","791598","791613","205.4578569","205.4578569","205.4578569","791608.5","791598","791613","414.98018693999995","414.98018694","414.98018694"
"396032","798317.5","798307","798322","365.5724144","365.57241439999996","365.57241439999996","798317.5","798307","798322","196.42836080000004","196.4283608","196.4283608","798317.5","798307","798322","425.54006368999995","425.54006368999995","425.54006368999995"
"399360","805025.5","805015","805030","356.0741214300001","356.0741214300001","356.0741214300001","805025.5","805015","805030","211.54050265","211.54050265","211.54050265","805025.5","805015","805030","443.51453691999995","443.51453691999995","443.51453691999995"
"402688","811734.5","811724","811739","402.5323228","402.5323228","402.5323228","811734.5","811724","811739","211.97026366999995","211.97026367","211.97026367","811734.5","811724","811739","442.63312132000004","442.63312132000004","442.63312132000004"
"406016","818443.5","818433","818448","400.51650075","400.51650075","400.51650075","818443.5","818433","818448","199.22192249999992","199.22192249999992","199.22192249999992","818443.5","818433","818448","448.3688561499999","448.36885614999994","448.36885614999994"
"409344","825151.5","825141","825156","408.94365659000005","408.94365659000005","408.94365659000005","825151.5","825141","825156","202.33442708","202.33442707999998","202.33442707999998","825151.5","825141","825156","440.9854145500002","440.9854145500001","440.9854145500001"
"412672","831860.5","831850","831865","361.28174216000014","361.2817421600001","361.2817421600001","831860.5","831850","831865","205.00949934000002","205.00949934","205.00949934","831860.5","831850","831865","438.24638522","438.24638522000004","438.24638522000004"
"416000","838569.5","838559","838574","390.29052456","390.29052456","390.29052456","838569.5","838559","838574","230.32498269","230.32498268999998","230.32498268999998","838569.5","838559","838574","431.99078951999996","431.99078951999996","431.99078951999996"
"419328","845277.5","845267","845282","404.71086234","404.71086234","404.71086234","845277.5","845267","845282","208.68115506","208.68115505999998","208.68115505999998","845277.5","845267","845282","408.27541561999993","408.27541562","408.27541562"
"422656","851986.5","851976","851991","428.30366232","428.30366232","428.30366232","851986.5","851976","851991","207.25030357999998","207.25030357999995","207.25030357999995","851986.5","851976","851991","387.64919985","387.64919984999995","387.64919984999995"
"425984","858694.5","858684","858699","424.8646338200001","424.8646338200001","424.8646338200001","858694.5","858684","858699","200.52937522","200.52937521999996","200.52937521999996","858694.5","858684","858699","387.62068146000007","387.62068146000007","387.62068146000007"
"429312","865403.5","865393","865408","444.50148576999993","444.50148577000004","444.50148577000004","865403.5","865393","865408","222.01456636000006","222.01456636000003","222.01456636000003","865403.5","865393","865408","400.49380974999997","400.49380975","400.49380975"
"432640","872112.5","872102","872117","421.61671698","421.6167169799999","421.6167169799999","872112.5","872102","872117","210.51834612","210.51834612000002","210.51834612000002","872112.5","872102","872117","406.66933528000004","406.66933528000004","406.66933528000004"
"435968","878820.5","878810","878825","403.9148839300001","403.9148839300001","403.9148839300001","878820.5","878810","878825","213.56622536999998","213.56622536999998","213.56622536999998","878820.5","878810","878825","406.30098580999993","406.30098580999993","406.30098580999993"
"439296","885529.5","885519","885534","395.37538705000003","395.3753870500001","395.3753870500001","885529.5","885519","885534","223.01101225000002","223.01101225000002","223.01101225000002","885529.5","885519","885534","409.11282109999996","409.1128210999999","409.1128210999999"
"442624","892237.5","892227","892242","404.6775022299999","404.67750222999996","404.67750222999996","892237.5","892227","892242","236.76984324999995","236.76984324999998","236.76984324999998","892237.5","892227","892242","402.97716790000004","402.97716790000004","402.97716790000004"
"445952","898946.5","898936","898951","408.0540492","408.0540492","408.0540492","898946.5","898936","898951","235.19729205","235.19729205","235.19729205","898946.5","898936","898951","407.19223302","407.19223302","407.19223302"
"449280","905655.5","905645","905660","397.7103106","397.7103106","397.7103106","905655.5","905645","905660","220.99623083999998","220.99623083999998","220.99623083999998","905655.5","905645","905660","410.43407311999994","410.43407311999994","410.43407311999994"
"452608","912363.5","912353","912368","398.39853311000013","398.3985331100001","398.3985331100001","912363.5","912353","912368","213.74838219","213.74838219","213.74838219","912363.5","912353","912368","428.62950383","428.62950383","428.62950383"
"455936","919072.5","919062","919077","411.95988208000006","411.95988207999994","411.95988207999994","919072.5","919062","919077","191.29446312000002","191.29446312","191.29446312","919072.5","919062","919077","409.8827902500001","409.88279025","409.88279025"
"459264","925781.5","925771","925786","415.9703289199998","415.97032891999993","415.97032891999993","925781.5","925771","925786","198.96261619999999","198.9626162","198.9626162","925781.5","925771","925786","397.2445413199999","397.24454131999994","397.24454131999994"
"462592","932489.5","932479","932494","410.84130818999995","410.84130819","410.84130819","932489.5","932479","932494","202.85124324","202.85124324","202.85124324","932489.5","932479","932494","391.1704918599999","391.1704918599999","391.1704918599999"
"465920","939198.5","939188","939203","390.72681826","390.72681826","390.72681826","939198.5","939188","939203","221.5866309399999","221.58663093999996","221.58663093999996","939198.5","939188","939203","405.93013110000004","405.9301311000001","405.9301311000001"
"469248","945906.5","945896","945911","392.80505185","392.80505185000004","392.80505185000004","945906.5","945896","945911","213.67382001000004","213.67382001000001","213.67382001000001","945906.5","945896","945911","409.20040866000005","409.20040866000005","409.20040866000005"
"472576","952615.5","952605","952620","409.82493518","409.82493518","409.82493518","952615.5","952605","952620","223.21722641999992","223.21722641999997","223.21722641999997","952615.5","952605","952620","389.04646264999997","389.04646264999997","389.04646264999997"
"475904","959324.5","959314","959329","423.5782197600001","423.5782197600001","423.5782197600001","959324.5","959314","959329","223.49903121000006","223.49903121000003","223.49903121000003","959324.5","959314","959329","375.1181930900001","375.11819309000003","375.11819309000003"
"479232","966032.5","966022","966037","420.01533766000006","420.01533766","420.01533766","966032.5","966022","966037","216.48074153","216.48074153000002","216.48074153000002","966032.5","966022","966037","376.10556206","376.10556206","376.10556206"
"482560","972741.5","972731","972746","397.36741023","397.36741022999996","397.36741022999996","972741.5","972731","972746","238.33592406999998","238.33592407","238.33592407","972741.5","972731","972746","404.5700805299999","404.57008053","404.57008053"
"485888","979449.5","979439","979454","390.79614767","390.79614767","390.79614767","979449.5","979439","979454","241.5422683000001","241.54226830000005","241.54226830000005","979449.5","979439","979454","413.15459913999996","413.15459914","413.15459914"
"489216","986158.5","986148","986163","390.97076848","390.97076847999995","390.97076847999995","986158.5","986148","986163","254.36972406","254.36972406000004","254.36972406000004","986158.5","986148","986163","429.1372381","429.1372380999999","429.1372380999999"
"492544","992867.5","992857","992872","423.46644461000005","423.46644461000005","423.46644461000005","992867.5","992857","992872","209.35083487","209.35083487","209.35083487","992867.5","992857","992872","410.34566077000005","410.3456607700001","410.3456607700001"
"495872","999575.5","999565","999580","415.1884034599999","415.18840345999996","415.18840345999996","999575.5","999565","999580","179.36012632999999","179.36012632999999","179.36012632999999","999575.5","999565","999580","417.84661322999995","417.84661322999995","417.84661322999995"
"499200","1006284.5","1006274","1006289","399.15743202","399.15743202","399.15743202","1006284.5","1006274","1006289","179.5375854","179.5375854","179.5375854","1006284.5","1006274","1006289","414.1881976599999","414.18819766","414.18819766"
"502528","1012993.5","1012983","1012998","394.3937451699999","394.3937451699999","394.3937451699999","1012993.5","1012983","1012998","200.39797987000003","200.39797987000006","200.39797987000006","1012993.5","1012983","1012998","421.13276111000005","421.13276111000005","421.13276111000005"
"505856","1019701.5","1019691","1019706","387.35698614","387.35698613999995","387.35698613999995","1019701.5","1019691","1019706","217.67248319000004","217.67248319","217.67248319","1019701.5","1019691","1019706","423.4732734600001","423.47327346","423.47327346"
"509184","1026410.5","1026400","1026415","395.5712826499999","395.57128264999994","395.57128264999994","1026410.5","1026400","1026415","225.66088096000001","225.66088096000004","225.66088096000004","1026410.5","1026400","1026415","407.56873158","407.56873158","407.56873158"
"512512","1033118.5","1033108","1033123","406.86095943999993","406.86095943999993","406.86095943999993","1033118.5","1033108","1033123","236.90955323999995","236.90955323999995","236.90955323999995","1033118.5","1033108","1033123","402.0541739700001","402.05417397","402.05417397"
"515840","1039827.5","1039817","1039832","415.93112596","415.93112596","415.93112596","1039827.5","1039817","1039832","250.25959866","250.25959866000002","250.25959866000002","1039827.5","1039817","1039832","401.58463113000005","401.58463113","401.58463113"
"519168","1046536.5","1046526","1046541","438.2406434599999","438.24064346","438.24064346","1046536.5","1046526","1046541","228.63339051999998","228.63339052","228.63339052","1046536.5","1046526","1046541","425.34733829000004","425.34733829","425.34733829"
"522496","1053244.5","1053234","1053249","424.26188512","424.26188512","424.26188512","1053244.5","1053234","1053249","203.92018294999997","203.92018294999994","203.92018294999994","1053244.5","1053234","1053249","431.41247043000016","431.4124704300001","431.4124704300001"
"525824","1059953.5","1059943","1059958","412.8661118199999","412.86611182","412.86611182","1059953.5","1059943","1059958","205.18086249","205.18086249","205.18086249","1059953.5","1059943","1059958","421.5395838200001","421.53958381999996","421.53958381999996"
"529152","1066661.5","1066651","1066666","369.65529958","369.65529958","369.65529958","1066661.5","1066651","1066666","210.53819200999993","210.53819201","210.53819201","1066661.5","1066651","1066666","398.06784432999996","398.06784433","398.06784433"
"532480","1073370.5","1073360","1073375","338.94254637","338.94254637","338.94254637","1073370.5","1073360","1073375","216.36395310000006","216.36395310000003","216.36395310000003","1073370.5","1073360","1073375","363.34975634999995","363.34975634999995","363.34975634999995"
"535808","1080079.5","1080069","1080084","348.53003647","348.53003646999997","348.53003646999997","1080079.5","1080069","1080084","230.96273823999996","230.96273824000002","230.96273824000002","1080079.5","1080069","1080084","387.8063225300001","387.80632253000005","387.80632253000005"
"539136","1086787.5","1086777","1086792","372.97724453999996","372.97724454","372.97724454","1086787.5","1086777","1086792","233.79324077000004","233.79324077000004","233.79324077000004","1086787.5","1086777","1086792","391.73105282","391.73105281999995","391.73105281999995"
"542464","1093496.5","1093486","1093501","406.58096863999987","406.5809686399999","406.5809686399999","1093496.5","1093486","1093501","234.17259087000002","234.17259087000002","234.17259087000002","1093496.5","1093486","1093501","426.90181303","426.90181302999997","426.90181302999997"
"545792","1100205.5","1100195","1100210","406.46529275000006","406.46529275","406.46529275","1100205.5","1100195","1100210","217.93297994999995","217.93297994999998","217.93297994999998","1100205.5","1100195","1100210","412.20108952999993","412.2010895299999","412.2010895299999"
"549120","1106913.5","1106903","1106918","419.51367127","419.51367127","419.51367127","1106913.5","1106903","1106918","207.96493342999997","207.96493342999997","207.96493342999997","1106913.5","1106903","1106918","400.59402127","400.59402127","400.59402127"
"552448","1113622.5","1113612","1113627","436.7444238899999","436.74442389","436.74442389","1113622.5","1113612","1113627","208.35800978999993","208.35800978999995","208.35800978999995","1113622.5","1113612","1113627","388.68723699000014","388.6872369900001","388.6872369900001"
"555776","1120330.5","1120320","1120335","451.9656443","451.96564430000006","451.96564430000006","1120330.5","1120320","1120335","191.80786407999997","191.80786408","191.80786408","1120330.5","1120320","1120335","392.06137906000004","392.06137906000004","392.06137906000004"
"559104","1127039.5","1127029","1127044","429.42167747999986","429.4216774799999","429.4216774799999","1127039.5","1127029","1127044","202.16908297999998","202.16908297999998","202.16908297999998","1127039.5","1127029","1127044","413.23753148000003","413.23753148","413.23753148"
"562432","1133748.5","1133738","1133753","389.2968303100001","389.2968303100001","389.2968303100001","1133748.5","1133738","1133753","203.94097973","203.94097973000004","203.94097973000004","1133748.5","1133738","1133753","426.27019036999997","426.27019036999997","426.27019036999997"
"565760","1140456.5","1140446","1140461","393.26834950999995","393.26834950999995","393.26834950999995","1140456.5","1140446","1140461","216.67667999000008","216.67667999000003","216.67667999000003","1140456.5","1140446","1140461","427.20973555000006","427.20973555000006","427.20973555000006"
"569088","1147165.5","1147155","1147170","400.48516027","400.48516027","400.48516027","1147165.5","1147155","1147170","214.40849645000003","214.40849645000003","214.40849645000003","1147165.5","1147155","1147170","428.1857636100002","428.18576361000015","428.18576361000015"
"572416","1153873.5","1153863","1153878","408.71179832999997","408.71179832999997","408.71179832999997","1153873.5","1153863","1153878","218.87117714999997","218.87117714999994","218.87117714999994","1153873.5","1153863","1153878","420.2549923299999","420.25499232999994","420.25499232999994"
"575744","1160582.5","1160572","1160587","395.71501063999995","395.71501063999995","395.71501063999995","1160582.5","1160572","1160587","229.59900012000003","229.59900012000003","229.59900012000003","1160582.5","1160572","1160587","417.07962589999994","417.07962589999994","417.07962589999994"
"579072","1167291.5","1167281","1167296","415.47249013000004","415.47249013","415.47249013","1167291.5","1167281","1167296","228.33333427000002","228.33333427000002","228.33333427000002","1167291.5","1167281","1167296","398.90281709999994","398.90281709999994","398.90281709999994"
"582400","1173999.5","1173989","1174004","410.4484226899999","410.4484226899999","410.4484226899999","1173999.5","1173989","1174004","223.34198797000002","223.34198797000002","223.34198797000002","1173999.5","1173989","1174004","399.36463912000005","399.36463912000005","399.36463912000005"
"585728","1180708.5","1180698","1180713","411.83790573","411.83790573000005","411.83790573000005","1180708.5","1180698","1180713","219.81782911999994","219.81782911999994","219.81782911999994","1180708.5","1180698","1180713","405.3887841199999","405.38878411999997","405.38878411999997"
"589056","1187417.5","1187407","1187422","395.92167918999996","395.92167919","395.92167919","1187417.5","1187407","1187422","221.86995983","221.86995983","221.86995983","1187417.5","1187407","1187422","422.14075099","422.14075099","422.14075099"
"592384","1194125.5","1194115","1194130","394.77200505999997","394.7720050599999","394.7720050599999","1194125.5","1194115","1194130","226.41389922999994","226.41389922999994","226.41389922999994","1194125.5","1194115","1194130","423.65491416","423.6549141600001","423.6549141600001"
"595712","1200834.5","1200824","1200839","405.0390986499999","405.0390986499999","405.0390986499999","1200834.5","1200824","1200839","231.95696935","231.95696935","231.95696935","1200834.5","1200824","1200839","414.97063234","414.97063234","414.97063234"
"599040","1207542.5","1207532","1207547","424.41074379000014","424.41074379000014","424.41074379000014","1207542.5","1207532","1207547","222.41795301000002","222.41795301000002","222.41795301000002","1207542.5","1207532","1207547","418.58532083","418.58532083","418.58532083"
"602368","1214251.5","1214241","1214256","432.86880122","432.86880122","432.86880122","1214251.5","1214241","1214256","221.48785528999997","221.48785528999997","221.48785528999997","1214251.5","1214241","1214256","411.12077051","411.12077050999994","411.12077050999994"
"605696","1220960.5","1220950","1220965","412.21484565000003","412.2148456500001","412.2148456500001","1220960.5","1220950","1220965","220.0838015","220.08380150000002","220.08380150000002","1220960.5","1220950","1220965","401.6771370000001","401.677137","401.677137"
"609024","1227668.5","1227658","1227673","361.97859385999993","361.97859386","361.97859386","1227668.5","1227658","1227673","223.14234477000008","223.14234477000005","223.14234477000005","1227668.5","1227658","1227673","389.95353275000014","389.9535327500001","389.9535327500001"
"612352","1234377.5","1234367","1234382","352.23393935999997","352.2339393599999","352.2339393599999","1234377.5","1234367","1234382","218.35770071999994","218.35770071999997","218.35770071999997","1234377.5","1234367","1234382","397.57828582999997","397.57828583","397.57828583"
"615680","1241085.5","1241075","1241090","355.57649201999993","355.57649201999993","355.57649201999993","1241085.5","1241075","1241090","219.29987534","219.29987534000003","219.29987534000003","1241085.5","1241075","1241090","415.68986761","415.68986761","415.68986761"
"619008","1247794.5","1247784","1247799","397.6781853500001","397.67818535000004","397.67818535000004","1247794.5","1247784","1247799","229.70460701","229.70460701","229.70460701","1247794.5","1247784","1247799","414.3037821400002","414.3037821400001","414.3037821400001"
"622336","1254503.5","1254493","1254508","388.91683594","388.91683594","388.91683594","1254503.5","1254493","1254508","239.24235047","239.24235047","239.24235047","1254503.5","1254493","1254508","413.99201532","413.99201532","413.99201532"
"625664","1261211.5","1261201","1261216","398.43047924999996","398.43047924999996","398.43047924999996","1261211.5","1261201","1261216","219.84954931","219.84954931000004","219.84954931000004","1261211.5","1261201","1261216","391.97124359000003","391.97124359000003","391.97124359000003"
"628992","1267920.5","1267910","1267925","380.75645970000005","380.75645970000005","380.75645970000005","1267920.5","1267910","1267925","225.40687316000003","225.40687316000003","225.40687316000003","1267920.5","1267910","1267925","396.90163237000013","396.9016323700001","396.9016323700001"
"632320","1274629.5","1274619","1274634","379.77751495999985","379.7775149599999","379.7775149599999","1274629.5","1274619","1274634","200.15804295","200.15804295","200.15804295","1274629.5","1274619","1274634","385.27296952999995","385.27296952999995","385.27296952999995"
"635648","1281337.5","1281327","1281342","361.1433574100001","361.14335741","361.14335741","1281337.5","1281327","1281342","203.989022","203.989022","203.989022","1281337.5","1281327","1281342","396.38984916999993","396.38984916999993","396.38984916999993"
"638976","1288046.5","1288036","1288051","374.44174448999996","374.4417444899999","374.4417444899999","1288046.5","1288036","1288051","186.05772354999996","186.05772354999996","186.05772354999996","1288046.5","1288036","1288051","396.84099728999985","396.84099728999985","396.84099728999985"
"642304","1294754.5","1294744","1294759","387.75542989999997","387.7554299","387.7554299","1294754.5","1294744","1294759","189.61736459000002","189.61736459","189.61736459","1294754.5","1294744","1294759","418.58415241999995","418.58415241999995","418.58415241999995"
"645632","1301463.5","1301453","1301468","391.18399796999995","391.18399797","391.18399797","1301463.5","1301453","1301468","202.78942923999992","202.78942923999995","202.78942923999995","1301463.5","1301453","1301468","414.64604892","414.64604892000006","414.64604892000006"
"648960","1308172.5","1308162","1308177","400.15123266999996","400.15123267","400.15123267","1308172.5","1308162","1308177","199.11861103999996","199.11861104","199.11861104","1308172.5","1308162","1308177","430.01496966","430.01496965999996","430.01496965999996"
"652288","1314880.5","1314870","1314885","387.2128425","387.21284249999997","387.21284249999997","1314880.5","1314870","1314885","202.86968935000002","202.86968935000002","202.86968935000002","1314880.5","1314870","1314885","411.76494921999995","411.76494922","411.76494922"
"655616","1321589.5","1321579","1321594","410.72348285","410.72348285","410.72348285","1321589.5","1321579","1321594","201.21485495999994","201.21485495999997","201.21485495999997","1321589.5","1321579","1321594","404.2602936200001","404.2602936200001","404.2602936200001"
"658944","1328298.5","1328288","1328303","411.4602178999999","411.4602179","411.4602179","1328298.5","1328288","1328303","209.23402536999998","209.23402537","209.23402537","1328298.5","1328288","1328303","392.67081312999983","392.6708131299999","392.6708131299999"
"662272","1335006.5","1334996","1335011","425.77428642999996","425.7742864300001","425.7742864300001","1335006.5","1334996","1335011","225.2482346299999","225.24823462999996","225.24823462999996","1335006.5","1334996","1335011","395.1044662499999","395.10446625","395.10446625"
"665600","1341715.5","1341705","1341720","420.41106936999995","420.41106936999995","420.41106936999995","1341715.5","1341705","1341720","223.50597123000006","223.50597123000003","223.50597123000003","1341715.5","1341705","1341720","408.62925199999995","408.62925199999995","408.62925199999995"
"668928","1348423.5","1348413","1348428","411.0265770300001","411.02657703","411.02657703","1348423.5","1348413","1348428","212.63637953999998","212.63637953999995","212.63637953999995","1348423.5","1348413","1348428","413.12748099000004","413.12748099000004","413.12748099000004"
"672256","1355132.5","1355122","1355137","408.74510411999995","408.74510411999995","408.74510411999995","1355132.5","1355122","1355137","194.77763926000006","194.77763926000003","194.77763926000003","1355132.5","1355122","1355137","424.0350730800001","424.0350730800001","424.0350730800001"
"675584","1361841.5","1361831","1361846","406.95583174000006","406.95583174","406.95583174","1361841.5","1361831","1361846","195.44759388999998","195.44759388999995","195.44759388999995","1361841.5","1361831","1361846","416.48624414","416.48624414","416.48624414"
"678912","1368549.5","1368539","1368554","428.57854009000005","428.5785400900001","428.5785400900001","1368549.5","1368539","1368554","199.14429617","199.14429617","199.14429617","1368549.5","1368539","1368554","406.4011834900001","406.40118349000005","406.40118349000005"
"682240","1375258.5","1375248","1375263","426.69875134999995","426.69875135","426.69875135","1375258.5","1375248","1375263","214.36388457","214.36388457000004","214.36388457000004","1375258.5","1375248","1375263","429.07892224","429.07892224000005","429.07892224000005"
"685568","1381966.5","1381956","1381971","432.6903924499999","432.69039244999993","432.69039244999993","1381966.5","1381956","1381971","212.30140326999987","212.30140326999992","212.30140326999992","1381966.5","1381956","1381971","423.96580267999985","423.9658026799999","423.9658026799999"
"688896","1388675.5","1388665","1388680","411.54829067","411.54829067","411.54829067","1388675.5","1388665","1388680","209.40740205999992","209.40740205999995","209.40740205999995","1388675.5","1388665","1388680","427.9424920700002","427.94249207000007","427.94249207000007"
"692224","1395384.5","1395374","1395389","394.2823202999999","394.2823203","394.2823203","1395384.5","1395374","1395389","210.15358304999998","210.15358304999998","210.15358304999998","1395384.5","1395374","1395389","402.4172680500001","402.4172680500001","402.4172680500001"
"695552","1402092.5","1402082","1402097","379.17027426","379.1702742599999","379.1702742599999","1402092.5","1402082","1402097","211.10786924000007","211.10786924","211.10786924","1402092.5","1402082","1402097","419.5986223199999","419.59862232","419.59862232"
"698880","1408801.5","1408791","1408806","363.28823731999995","363.2882373199999","363.2882373199999","1408801.5","1408791","1408806","213.00136326000003","213.00136326","213.00136326","1408801.5","1408791","1408806","403.33001918999986","403.33001918999986","403.33001918999986"
"702208","1415510.5","1415500","1415515","387.1910241","387.19102409999994","387.19102409999994","1415510.5","1415500","1415515","196.53343275","196.53343275","196.53343275","1415510.5","1415500","1415515","393.89633519000006","393.89633519","393.89633519"
"705536","1422218.5","1422208","1422223","393.97355667999994","393.97355667999994","393.97355667999994","1422218.5","1422208","1422223","202.66688506000003","202.66688506000003","202.66688506000003","1422218.5","1422208","1422223","375.61011286999997","375.61011286999997","375.61011286999997"
"708864","1428927.5","1428917","1428932","420.15038591999985","420.1503859199999","420.1503859199999","1428927.5","1428917","1428932","206.03535043000005","206.03535043","206.03535043","1428927.5","1428917","1428932","392.41219108","392.41219108000007","392.41219108000007"
"712192","1435635.5","1435625","1435640","399.80060908","399.80060908","399.80060908","1435635.5","1435625","1435640","214.75437341","214.75437341","214.75437341","1435635.5","1435625","1435640","418.55311888999995","418.55311888999995","418.55311888999995"
"715520","1442344.5","1442334","1442349","412.10432640000005","412.10432640000005","412.10432640000005","1442344.5","1442334","1442349","215.36142333999993","215.36142333999996","215.36142333999996","1442344.5","1442334","1442349","414.07404736","414.07404736000007","414.07404736000007"
"718848","1449053.5","1449043","1449058","369.26298007","369.26298006999997","369.26298006999997","1449053.5","1449043","1449058","211.88560272","211.88560272000004","211.88560272000004","1449053.5","1449043","1449058","418.67278256000003","418.67278256","418.67278256"
"722176","1455761.5","1455751","1455766","386.27022772999993","386.2702277299999","386.2702277299999","1455761.5","1455751","1455766","216.66597234000002","216.66597234","216.66597234","1455761.5","1455751","1455766","409.85573531","409.85573531","409.85573531"
"725504","1462470.5","1462460","1462475","384.37876801999994","384.37876802","384.37876802","1462470.5","1462460","1462475","197.63157945000006","197.63157945000003","197.63157945000003","1462470.5","1462460","1462475","414.52234967000004","414.52234967000004","414.52234967000004"
"728832","1469178.5","1469168","1469183","398.04802161","398.04802161","398.04802161","1469178.5","1469168","1469183","215.27433150000002","215.27433150000002","215.27433150000002","1469178.5","1469168","1469183","389.6834672","389.6834672","389.6834672"
"732160","1475887.5","1475877","1475892","400.60064449999993","400.6006445","400.6006445","1475887.5","1475877","1475892","215.29173107999992","215.29173107999998","215.29173107999998","1475887.5","1475877","1475892","397.10415315","397.10415315","397.10415315"
"735488","1482596.5","1482586","1482601","406.54674589","406.54674589","406.54674589","1482596.5","1482586","1482601","238.17365066","238.17365066","238.17365066","1482596.5","1482586","1482601","409.6089804399999","409.6089804399999","409.6089804399999"
"738816","1489304.5","1489294","1489309","428.03599769","428.03599769","428.03599769","1489304.5","1489294","1489309","235.35228173000002","235.35228173000004","235.35228173000004","1489304.5","1489294","1489309","432.10973930999995","432.10973931","432.10973931"
"742144","1496013.5","1496003","1496018","397.99983371","397.99983370999996","397.99983370999996","1496013.5","1496003","1496018","216.11992781","216.11992780999998","216.11992780999998","1496013.5","1496003","1496018","407.4180719","407.4180718999999","407.4180718999999"
"745472","1502722.5","1502712","1502727","373.10817737","373.10817737","373.10817737","1502722.5","1502712","1502727","212.96040210000004","212.96040210000004","212.96040210000004","1502722.5","1502712","1502727","395.9143632099999","395.9143632099999","395.9143632099999"
"748800","1509430.5","1509420","1509435","343.53670956","343.53670956","343.53670956","1509430.5","1509420","1509435","201.31983330999995","201.31983330999995","201.31983330999995","1509430.5","1509420","1509435","398.77849432","398.77849432000005","398.77849432000005"
"752128","1516139.5","1516129","1516144","373.2377021600001","373.23770216000014","373.23770216000014","1516139.5","1516129","1516144","217.07027437000008","217.07027437000005","217.07027437000005","1516139.5","1516129","1516144","404.81773221","404.81773221","404.81773221"
"755456","1522847.5","1522837","1522852","398.34333296000017","398.3433329600001","398.3433329600001","1522847.5","1522837","1522852","195.86314894999998","195.86314894999998","195.86314894999998","1522847.5","1522837","1522852","397.35005662000003","397.35005662000003","397.35005662000003"
"758784","1529556.5","1529546","1529561","392.63464627999997","392.63464627999997","392.63464627999997","1529556.5","1529546","1529561","213.36411952","213.36411951999997","213.36411951999997","1529556.5","1529546","1529561","396.97913267000007","396.97913267","396.97913267"
"762112","1536265.5","1536255","1536270","353.13594946","353.13594945999995","353.13594945999995","1536265.5","1536255","1536270","195.64768388","195.64768388000002","195.64768388000002","1536265.5","1536255","1536270","400.98087498","400.98087498","400.98087498"
"765440","1542973.5","1542963","1542978","336.4718625499999","336.4718625499999","336.4718625499999","1542973.5","1542963","1542978","227.61413650000006","227.61413650000003","227.61413650000003","1542973.5","1542963","1542978","415.40578578","415.40578578000003","415.40578578000003"
"768768","1549682.5","1549672","1549687","341.32697096","341.32697096","341.32697096","1549682.5","1549672","1549687","210.81374518000004","210.81374518","210.81374518","1549682.5","1549672","1549687","427.4307135600001","427.43071355999996","427.43071355999996"
"772096","1556390.5","1556380","1556395","373.93667753999995","373.93667753999995","373.93667753999995","1556390.5","1556380","1556395","239.30512896999997","239.30512896999997","239.30512896999997","1556390.5","1556380","1556395","411.1647991199999","411.16479912","411.16479912"
"775424","1563099.5","1563089","1563104","369.00832289999994","369.00832289999994","369.00832289999994","1563099.5","1563089","1563104","216.01034876","216.01034876000003","216.01034876000003","1563099.5","1563089","1563104","395.62527632999996","395.62527632999996","395.62527632999996"
"778752","1569808.5","1569798","1569813","402.0107763799999","402.0107763799999","402.0107763799999","1569808.5","1569798","1569813","212.40167608999994","212.40167608999997","212.40167608999997","1569808.5","1569798","1569813","384.77579410999994","384.77579411","384.77579411"
"782080","1576516.5","1576506","1576521","379.3287426000001","379.32874260000006","379.32874260000006","1576516.5","1576506","1576521","214.52851917","214.52851917","214.52851917","1576516.5","1576506","1576521","400.4435705799999","400.4435705799999","400.4435705799999"
"785408","1583225.5","1583215","1583230","390.8462756899999","390.84627568999997","390.84627568999997","1583225.5","1583215","1583230","211.03975682000004","211.03975681999998","211.03975681999998","1583225.5","1583215","1583230","404.4796744300001","404.4796744300001","404.4796744300001"
"788736","1589934.5","1589924","1589939","376.58817962999996","376.58817962999996","376.58817962999996","1589934.5","1589924","1589939","211.11406639000003","211.11406639000003","211.11406639000003","1589934.5","1589924","1589939","387.7517424799999","387.7517424799999","387.7517424799999"
"792064","1596642.5","1596632","1596647","418.37411005000007","418.37411005","418.37411005","1596642.5","1596632","1596647","191.76419721999997","191.76419722","191.76419722","1596642.5","1596632","1596647","399.64618281999986","399.64618281999986","399.64618281999986"
"795392","1603351.5","1603341","1603356","419.44368587","419.44368587","419.44368587","1603351.5","1603341","1603356","207.84043143999995","207.84043143999995","207.84043143999995","1603351.5","1603341","1603356","395.0775888899999","395.07758888999996","395.07758888999996"
"798720","1610059.5","1610049","1610064","413.2698912300001","413.26989123000004","413.26989123000004","1610059.5","1610049","1610064","225.79923707999998","225.79923707999995","225.79923707999995","1610059.5","1610049","1610064","415.18203146","415.18203146","415.18203146"
"802048","1616768.5","1616758","1616773","384.2046199299999","384.20461993","384.20461993","1616768.5","1616758","1616773","235.26970406000004","235.26970405999998","235.26970405999998","1616768.5","1616758","1616773","405.75093167","405.75093167","405.75093167"
"805376","1623477.5","1623467","1623482","369.9231912800001","369.9231912800001","369.9231912800001","1623477.5","1623467","1623482","225.5550555999999","225.55505559999995","225.55505559999995","1623477.5","1623467","1623482","417.3543478699999","417.35434786999997","417.35434786999997"
"808704","1630185.5","1630175","1630190","374.6934875800001","374.69348758000007","374.69348758000007","1630185.5","1630175","1630190","207.14559899000002","207.14559899","207.14559899","1630185.5","1630175","1630190","418.44816248","418.44816248","418.44816248"
"812032","1636894.5","1636884","1636899","385.98591013","385.98591013000004","385.98591013000004","1636894.5","1636884","1636899","205.07109815000007","205.07109815","205.07109815","1636894.5","1636884","1636899","418.12940943999996","418.12940943999996","418.12940943999996"
"815360","1643602.5","1643592","1643607","400.52022823000004","400.52022823","400.52022823","1643602.5","1643592","1643607","225.15229187","225.15229187","225.15229187","1643602.5","1643592","1643607","410.85955458","410.85955458000007","410.85955458000007"
"818688","1650311.5","1650301","1650316","425.22600512","425.22600512","425.22600512","1650311.5","1650301","1650316","226.14815096000004","226.14815096","226.14815096","1650311.5","1650301","1650316","402.17806195","402.17806195","402.17806195"
"822016","1657020.5","1657010","1657025","419.1917766199999","419.1917766199999","419.1917766199999","1657020.5","1657010","1657025","213.37432893000002","213.37432893000002","213.37432893000002","1657020.5","1657010","1657025","412.8348228999999","412.83482289999995","412.83482289999995"
"825344","1663728.5","1663718","1663733","419.52127745000007","419.52127745000007","419.52127745000007","1663728.5","1663718","1663733","205.71941824999993","205.7194182499999","205.7194182499999","1663728.5","1663718","1663733","405.36021712","405.36021712","405.36021712"
"828672","1670437.5","1670427","1670442","383.40183779999995","383.4018377999999","383.4018377999999","1670437.5","1670427","1670442","218.99983031000005","218.99983031000002","218.99983031000002","1670437.5","1670427","1670442","390.3881955500001","390.3881955500001","390.3881955500001"
"832000","1677146.5","1677136","1677151","382.84261418999995","382.84261418999995","382.84261418999995","1677146.5","1677136","1677151","209.5797065900001","209.57970659000006","209.57970659000006","1677146.5","1677136","1677151","356.35330952","356.35330952","356.35330952"
"835328","1683854.5","1683844","1683859","394.07852154999995","394.07852154999995","394.07852154999995","1683854.5","1683844","1683859","215.60986994","215.60986994000004","215.60986994000004","1683854.5","1683844","1683859","360.87456156","360.87456156","360.87456156"
"838656","1690563.5","1690553","1690568","440.41785888999993","440.41785888999993","440.41785888999993","1690563.5","1690553","1690568","207.64928360000002","207.64928360000002","207.64928360000002","1690563.5","1690553","1690568","380.98202489","380.98202488999993","380.98202488999993"
"841984","1697271.5","1697261","1697276","444.97386035000005","444.97386035000005","444.97386035000005","1697271.5","1697261","1697276","215.43645038999992","215.43645038999995","215.43645038999995","1697271.5","1697261","1697276","396.23876005000005","396.23876005000005","396.23876005000005"
"845312","1703980.5","1703970","1703985","439.4970314399999","439.49703144","439.49703144","1703980.5","1703970","1703985","205.40187319000003","205.40187319000003","205.40187319000003","1703980.5","1703970","1703985","404.9761323500001","404.97613235000006","404.97613235000006"
"848640","1710689.5","1710679","1710694","421.5220813199999","421.5220813199999","421.5220813199999","1710689.5","1710679","1710694","213.62588985999997","213.62588986000003","213.62588986000003","1710689.5","1710679","1710694","390.81525621000003","390.8152562100001","390.8152562100001"
"851968","1717397.5","1717387","1717402","422.65512192","422.65512192","422.65512192","1717397.5","1717387","1717402","223.64295424999995","223.64295424999992","223.64295424999992","1717397.5","1717387","1717402","382.96014134","382.96014133999995","382.96014133999995"
"855296","1724106.5","1724096","1724111","418.69873683000003","418.69873683","418.69873683","1724106.5","1724096","1724111","225.72921160999996","225.72921160999994","225.72921160999994","1724106.5","1724096","1724111","386.8160257200001","386.81602572","386.81602572"
"858624","1730814.5","1730804","1730819","439.1435981499999","439.1435981499999","439.1435981499999","1730814.5","1730804","1730819","206.15146967000004","206.15146967","206.15146967","1730814.5","1730804","1730819","384.28175953999977","384.2817595399998","384.2817595399998"
"861952","1737523.5","1737513","1737528","425.52543359999993","425.5254336","425.5254336","1737523.5","1737513","1737528","221.72061892999997","221.72061892999997","221.72061892999997","1737523.5","1737513","1737528","408.7794857499999","408.7794857499999","408.7794857499999"
"865280","1744232.5","1744222","1744237","424.50058011000004","424.50058011","424.50058011","1744232.5","1744222","1744237","212.24500031","212.24500031","212.24500031","1744232.5","1744222","1744237","417.51877189000004","417.51877189","417.51877189"
"868608","1750940.5","1750930","1750945","383.66817921999996","383.66817921999996","383.66817921999996","1750940.5","1750930","1750945","232.53860897","232.53860896999998","232.53860896999998","1750940.5","1750930","1750945","424.71447894","424.71447894","424.71447894"
"871936","1757649.5","1757639","1757654","367.9835512099999","367.9835512099999","367.9835512099999","1757649.5","1757639","1757654","231.06729066","231.06729066","231.06729066","1757649.5","1757639","1757654","387.03272726","387.03272726","387.03272726"
"875264","1764358.5","1764348","1764363","387.25250984","387.25250983999996","387.25250983999996","1764358.5","1764348","1764363","223.12011662999998","223.12011662999998","223.12011662999998","1764358.5","1764348","1764363","369.9892418600001","369.98924186000005","369.98924186000005"
"878592","1771066.5","1771056","1771071","415.06437855999997","415.0643785599999","415.0643785599999","1771066.5","1771056","1771071","196.0427989","196.0427989","196.0427989","1771066.5","1771056","1771071","374.62462517","374.62462517000006","374.62462517000006"
"881920","1777775.5","1777765","1777780","446.77339695000006","446.7733969500001","446.7733969500001","1777775.5","1777765","1777780","176.48270327999995","176.48270327999998","176.48270327999998","1777775.5","1777765","1777780","399.19607527000005","399.19607527","399.19607527"
"885248","1784483.5","1784473","1784488","401.79843625000007","401.79843625","401.79843625","1784483.5","1784473","1784488","187.78985624999999","187.78985624999999","187.78985624999999","1784483.5","1784473","1784488","402.36201488","402.36201488","402.36201488"
"888576","1791192.5","1791182","1791197","374.52358422","374.52358422","374.52358422","1791192.5","1791182","1791197","204.1382402499999","204.13824024999994","204.13824024999994","1791192.5","1791182","1791197","411.6958235499998","411.6958235499999","411.6958235499999"
"891904","1797901.5","1797891","1797906","376.33350497","376.33350497","376.33350497","1797901.5","1797891","1797906","198.55179279000004","198.55179279000004","198.55179279000004","1797901.5","1797891","1797906","414.61740521999997","414.61740522","414.61740522"
"895232","1804609.5","1804599","1804614","381.09906047000004","381.09906047000004","381.09906047000004","1804609.5","1804599","1804614","205.95596563999996","205.95596564","205.95596564","1804609.5","1804599","1804614","419.7368400999999","419.7368400999999","419.7368400999999"
"898560","1811318.5","1811308","1811323","421.17390927","421.17390927","421.17390927","1811318.5","1811308","1811323","206.72262159000002","206.72262159000002","206.72262159000002","1811318.5","1811308","1811323","413.60821261999996","413.60821261999996","413.60821261999996"
"901888","1818026.5","1818016","1818031","397.04279455000005","397.04279455000005","397.04279455000005","1818026.5","1818016","1818031","222.84507357000004","222.84507357","222.84507357","1818026.5","1818016","1818031","426.15706362","426.15706362000003","426.15706362000003"
"905216","1824735.5","1824725","1824740","411.84111975999997","411.84111976","411.84111976","1824735.5","1824725","1824740","215.20808531999998","215.20808531999998","215.20808531999998","1824735.5","1824725","1824740","422.45090197","422.4509019700001","422.4509019700001"
"908544","1831444.5","1831434","1831449","413.7824305099999","413.78243051","413.78243051","1831444.5","1831434","1831449","214.92537089","214.92537088999995","214.92537088999995","1831444.5","1831434","1831449","418.15946059000004","418.1594605900001","418.1594605900001"
"911872","1838152.5","1838142","1838157","445.30418500999997","445.3041850100001","445.3041850100001","1838152.5","1838142","1838157","201.00296165000003","201.00296165","201.00296165","1838152.5","1838142","1838157","413.50892586000003","413.50892586000003","413.50892586000003"
"915200","1844861.5","1844851","1844866","424.37112625000003","424.37112625000003","424.37112625000003","1844861.5","1844851","1844866","208.80531472","208.80531471999998","208.80531471999998","1844861.5","1844851","1844866","434.06162433","434.0616243299999","434.0616243299999"
"918528","1851570.5","1851560","1851575","432.1120641799999","432.11206417999995","432.11206417999995","1851570.5","1851560","1851575","197.89497843999996","197.89497844","197.89497844","1851570.5","1851560","1851575","430.09452970999985","430.09452970999996","430.09452970999996"
"921856","1858278.5","1858268","1858283","405.4626016200001","405.46260162000016","405.46260162000016","1858278.5","1858268","1858283","185.05393194999994","185.05393194999996","185.05393194999996","1858278.5","1858268","1858283","405.3798939500001","405.37989395000005","405.37989395000005"
"925184","1864987.5","1864977","1864992","414.1531158100001","414.15311581000003","414.15311581000003","1864987.5","1864977","1864992","164.55590497999995","164.55590497999998","164.55590497999998","1864987.5","1864977","1864992","391.87376549000004","391.87376549","391.87376549"
"928512","1871695.5","1871685","1871700","397.38771090999995","397.38771091","397.38771091","1871695.5","1871685","1871700","186.44602308000006","186.44602308000006","186.44602308000006","1871695.5","1871685","1871700","401.03943956000006","401.03943956","401.03943956"
"931840","1878404.5","1878394","1878409","392.09526088000007","392.09526088000007","392.09526088000007","1878404.5","1878394","1878409","192.44529424000004","192.44529424","192.44529424","1878404.5","1878394","1878409","409.85195883","409.85195882999994","409.85195882999994"
"935168","1885113.5","1885103","1885118","386.15561404999994","386.15561404999994","386.15561404999994","1885113.5","1885103","1885118","197.58596241000006","197.58596241000004","197.58596241000004","1885113.5","1885103","1885118","415.67534932000024","415.6753493200001","415.6753493200001"
"938496","1891821.5","1891811","1891826","380.5056812600001","380.5056812600001","380.5056812600001","1891821.5","1891811","1891826","193.41749534","193.41749534","193.41749534","1891821.5","1891811","1891826","428.87223444000017","428.8722344400001","428.8722344400001"
"941824","1898530.5","1898520","1898535","384.2578209499999","384.25782094999994","384.25782094999994","1898530.5","1898520","1898535","212.46151139","212.46151139000003","212.46151139000003","1898530.5","1898520","1898535","432.7836083000001","432.78360829999997","432.78360829999997"
"945152","1905238.5","1905228","1905243","378.33500852000003","378.33500852000003","378.33500852000003","1905238.5","1905228","1905243","228.11177893000007","228.11177893000004","228.11177893000004","1905238.5","1905228","1905243","422.19705014","422.1970501399999","422.1970501399999"
"948480","1911947.5","1911937","1911952","376.59275033999995","376.59275034","376.59275034","1911947.5","1911937","1911952","231.75756713000004","231.75756713","231.75756713","1911947.5","1911937","1911952","403.35856401000007","403.35856401000007","403.35856401000007"
"951808","1918656.5","1918646","1918661","410.64017774000007","410.64017774","410.64017774","1918656.5","1918646","1918661","234.40437008","234.40437007999998","234.40437007999998","1918656.5","1918646","1918661","396.4931534","396.4931534","396.4931534"
"955136","1925364.5","1925354","1925369","416.55669477999993","416.55669478000004","416.55669478000004","1925364.5","1925354","1925369","224.22720325999995","224.22720326","224.22720326","1925364.5","1925354","1925369","407.6237078099999","407.62370781","407.62370781"
"958464","1932073.5","1932063","1932078","437.2912032499999","437.29120324999997","437.29120324999997","1932073.5","1932063","1932078","194.5857520499999","194.58575204999994","194.58575204999994","1932073.5","1932063","1932078","428.4041113100001","428.40411131","428.40411131"
"961792","1938782.5","1938772","1938787","408.84380073","408.84380072999994","408.84380072999994","1938782.5","1938772","1938787","188.81788383999998","188.81788384","188.81788384","1938782.5","1938772","1938787","429.77421354999984","429.7742135499999","429.7742135499999"
"965120","1945490.5","1945480","1945495","404.52426113","404.52426113","404.52426113","1945490.5","1945480","1945495","195.78859423","195.78859423000003","195.78859423000003","1945490.5","1945480","1945495","418.2820506899999","418.28205069","418.28205069"
"968448","1952199.5","1952189","1952204","386.14819206","386.14819206","386.14819206","1952199.5","1952189","1952204","202.72578911999997","202.72578911999997","202.72578911999997","1952199.5","1952189","1952204","423.98230186999996","423.98230187","423.98230187"
"971776","1958907.5","1958897","1958912","383.7756614999999","383.7756614999999","383.7756614999999","1958907.5","1958897","1958912","201.50317582999998","201.50317583","201.50317583","1958907.5","1958897","1958912","416.91081140999995","416.91081140999995","416.91081140999995"
"975104","1965616.5","1965606","1965621","375.40333340999996","375.40333340999996","375.40333340999996","1965616.5","1965606","1965621","204.07262815000007","204.07262815000004","204.07262815000004","1965616.5","1965606","1965621","442.13534991","442.13534991","442.13534991"
"978432","1972325.5","1972315","1972330","398.2178981900001","398.21789819","398.21789819","1972325.5","1972315","1972330","220.14936020000002","220.14936020000002","220.14936020000002","1972325.5","1972315","1972330","430.82889005000004","430.82889005","430.82889005"
"981760","1979033.5","1979023","1979038","415.4871657300001","415.4871657300001","415.4871657300001","1979033.5","1979023","1979038","188.50141516000005","188.50141516000002","188.50141516000002","1979033.5","1979023","1979038","430.34840407","430.34840407","430.34840407"
"985088","1985742.5","1985732","1985747","434.07909655000003","434.07909655000003","434.07909655000003","1985742.5","1985732","1985747","175.20777661","175.20777661","175.20777661","1985742.5","1985732","1985747","428.50654206","428.5065420600001","428.5065420600001"
"988416","1992451.5","1992441","1992456","433.77797558000015","433.77797558000015","433.77797558000015","1992451.5","1992441","1992456","180.22617215000002","180.22617215000002","180.22617215000002","1992451.5","1992441","1992456","424.98293419000004","424.9829341900001","424.9829341900001"
"991744","1999159.5","1999149","1999164","419.89009260000006","419.8900926","419.8900926","1999159.5","1999149","1999164","201.23050472","201.23050472","201.23050472","1999159.5","1999149","1999164","412.83097279","412.8309727899999","412.8309727899999"
"995072","2005868.5","2005858","2005873","404.82352910000003","404.82352910000003","404.82352910000003","2005868.5","2005858","2005873","210.52288701999993","210.52288701999998","210.52288701999998","2005868.5","2005858","2005873","390.62532540999996","390.62532540999996","390.62532540999996"
"998400","2012576.5","2012566","2012581","394.6791146999999","394.6791146999999","394.6791146999999","2012576.5","2012566","2012581","197.92108894","197.92108894","197.92108894","2012576.5","2012566","2012581","387.08033088999997","387.08033088999997","387.08033088999997"
"1001728","2019285.5","2019275","2019290","394.2109773899999","394.2109773899999","394.2109773899999","2019285.5","2019275","2019290","194.87698302000007","194.87698302000004","194.87698302000004","2019285.5","2019275","2019290","381.25113312999997","381.25113312999997","381.25113312999997"